<?xml version="1.0" encoding="UTF-8" ?>
<elementoClientes xmlns:xsi="http://www.w3.org/2001/XMLSchema-instance"
 xsi:schemaLocation="http://www.ipc2.com/erp/v1 ../../../JDeveloper/mywork/appSpaDemo/bpmSample/SOA/Schemas/ERP.xsd"
 xmlns="http://www.ipc2.com/erp/v1">
 <clientes>
 <NIT>1</NIT>
 <nombre>abc</nombre>
 <direccion>b2</direccion>
 <telefono>66</telefono>
 <personaContacto>1</personaContacto>
 <correoElectronico>h</correoElectronico>
 <limiteCredito>12</limiteCredito>
 <diasCredito>2</diasCredito>
 <categoria>
 <codigo>1</codigo>
 <abreviatura>2</abreviatura>
 <descripcion>f</descripcion>
 </categoria>
 </clientes>
<clientes>
 <NIT>1</NIT>
 <nombre>abc</nombre>
 <direccion>b2</direccion>
 <telefono>66</telefono>
 <personaContacto>1</personaContacto>
 <correoElectronico>h</correoElectronico>
 <limiteCredito>12</limiteCredito>
 <diasCredito>2</diasCredito>
 <categoria>
 <codigo>1</codigo>
 <abreviatura>2</abreviatura>
 <descripcion>f</descripcion>
 </categoria>
 </clientes>
</elementoClientes>
